{
  "outputs": {
    "json": "reports\\micro_workspace_20250915_163342.json",
    "summary": {
      "timestamp": "20250915_163342",
      "runs_per_task": 3,
      "tasks": {
        "Compute 21 + 21 using available tools, verify, and record the method.": {
          "runs": 3,
          "avg_steps": 1.0,
          "avg_latency_ms": 0.003,
          "all_ok": true
        },
        "Compute 34 + 55 using available tools, verify, and record the method.": {
          "runs": 3,
          "avg_steps": 1.0,
          "avg_latency_ms": 0.0,
          "all_ok": true
        }
      },
      "aggregate": {
        "avg_steps": 1.0,
        "avg_latency_ms": 0.002,
        "all_ok": true
      }
    }
  }
}